"","year","home_team","total_attendance","num_games","num_games_won","prev_attendance","prev_games_won"
"1",2001,"49ers",67469.5,16,12,67745.5,6
"2",2001,"Bears",66944,16,13,66944,5
"3",2001,"Bengals",56867.25,16,6,58749,4
"4",2001,"Bills",63092,16,3,70086.875,8
"5",2001,"Broncos",75035.375,16,8,75505.25,11
"6",2001,"Browns",72886.75,16,7,72693,3
"7",2001,"Buccaneers",65558.5,16,9,65596.875,10
"8",2001,"Cardinals",38414.375,16,7,48434.375,3
"9",2001,"Chargers",59355.5,16,5,54182.375,1
"10",2001,"Chiefs",77186,16,6,78920.625,7
"11",2001,"Colts",56343.25,16,6,56789.875,10
"12",2001,"Cowboys",63187.625,16,5,63045,5
"13",2001,"Dolphins",73469.5,16,11,73738.625,11
"14",2001,"Eagles",65899.125,16,11,65441.375,11
"15",2001,"Falcons",53214.625,16,7,52851.75,4
"16",2001,"Giants",78498.125,16,7,78010.625,12
"17",2001,"Jaguars",60442.75,16,6,60313.75,7
"18",2001,"Jets",78476,16,10,77963.875,9
"19",2001,"Lions",75226.875,16,2,75884.5,9
"20",2001,"Packers",59804.125,16,12,59843.375,9
"21",2001,"Panthers",72385,16,1,72936.125,7
"22",2001,"Patriots",60292,16,11,60292,5
"23",2001,"Raiders",59011.375,16,10,57814.375,12
"24",2001,"Rams",66103.625,16,14,66050.25,10
"25",2001,"Ravens",69373.875,16,10,68961.875,12
"26",2001,"Redskins",78046.75,16,8,80928,8
"27",2001,"Saints",70059,16,7,63039.375,10
"28",2001,"Seahawks",60352.25,16,9,63545.875,6
"29",2001,"Steelers",62398.875,16,13,55053.25,9
"30",2001,"Titans",68799.125,16,7,68440.5,13
"31",2001,"Vikings",64168,16,5,64165.25,11
"32",2002,"49ers",67699.125,16,10,67469.5,12
"33",2002,"Bears",60906.875,16,4,66944,13
"34",2002,"Bengals",52779.375,16,2,56867.25,6
"35",2002,"Bills",68462.75,16,8,63092,3
"36",2002,"Broncos",75613,16,9,75035.375,8
"37",2002,"Browns",73286.75,16,9,72886.75,7
"38",2002,"Buccaneers",65628.875,16,12,65558.5,9
"39",2002,"Cardinals",40909,16,5,38414.375,7
"40",2002,"Chargers",61871.625,16,8,59355.5,5
"41",2002,"Chiefs",78187.875,16,8,77186,6
"42",2002,"Colts",56669.625,16,10,56343.25,6
"43",2002,"Cowboys",63089.625,16,5,63187.625,5
"44",2002,"Dolphins",73190.375,16,9,73469.5,11
"45",2002,"Eagles",65441.875,16,12,65899.125,11
"46",2002,"Falcons",68871.75,16,9,53214.625,7
"47",2002,"Giants",78651.375,16,10,78498.125,7
"48",2002,"Jaguars",56277,16,6,60442.75,6
"49",2002,"Jets",78601.5,16,9,78476,10
"50",2002,"Lions",61217.75,16,3,75226.875,2
"51",2002,"Packers",63598.5,16,12,59804.125,12
"52",2002,"Panthers",71501.875,16,7,72385,1
"53",2002,"Patriots",68436,16,9,60292,11
"54",2002,"Raiders",60636.5,16,11,59011.375,10
"55",2002,"Rams",66062.25,16,7,66103.625,14
"56",2002,"Ravens",69340.5,16,7,69373.875,10
"57",2002,"Redskins",80493.75,16,7,78046.75,8
"58",2002,"Saints",67849.5,16,9,70059,7
"59",2002,"Seahawks",63077.625,16,7,60352.25,9
"60",2002,"Steelers",61284.25,16,11,62398.875,13
"61",2002,"Titans",68804.625,16,11,68799.125,7
"62",2002,"Vikings",64064.625,16,6,64168,5
"63",2003,"49ers",67580.5,16,7,67699.125,10
"64",2003,"Bears",59948.125,16,7,60906.875,4
"65",2003,"Bengals",59936,16,8,52779.375,2
"66",2003,"Bills",73015.25,16,6,68462.75,8
"67",2003,"Broncos",75895.875,16,10,75613,9
"68",2003,"Browns",73195.5,16,5,73286.75,9
"69",2003,"Buccaneers",65544,16,7,65628.875,12
"70",2003,"Cardinals",36062.375,16,4,40909,5
"71",2003,"Chargers",61520.625,16,4,61871.625,8
"72",2003,"Chiefs",78480,16,13,78187.875,8
"73",2003,"Colts",56767.25,16,12,56669.625,10
"74",2003,"Cowboys",63903,16,10,63089.625,5
"75",2003,"Dolphins",73473.375,16,10,73190.375,9
"76",2003,"Eagles",68043.625,16,12,65441.875,12
"77",2003,"Falcons",70459.5,16,5,68871.75,9
"78",2003,"Giants",78620,16,4,78651.375,10
"79",2003,"Jaguars",53509,16,5,56277,6
"80",2003,"Jets",77781.875,16,6,78601.5,9
"81",2003,"Lions",61305.25,16,5,61217.75,3
"82",2003,"Packers",70352.375,16,10,63598.5,12
"83",2003,"Panthers",72820.75,16,11,71501.875,7
"84",2003,"Patriots",68436,16,14,68436,9
"85",2003,"Raiders",55007.875,16,4,60636.5,11
"86",2003,"Rams",66057,16,12,66062.25,7
"87",2003,"Ravens",69579.25,16,10,69340.5,7
"88",2003,"Redskins",80499.625,16,5,80493.75,7
"89",2003,"Saints",68611.75,16,8,67849.5,9
"90",2003,"Seahawks",64018.75,16,10,63077.625,7
"91",2003,"Steelers",59698,16,6,61284.25,11
"92",2003,"Titans",68809,16,12,68804.625,11
"93",2003,"Vikings",64179.625,16,9,64064.625,6
"94",2004,"49ers",64783.875,16,2,67580.5,7
"95",2004,"Bears",61963.25,16,5,59948.125,7
"96",2004,"Bengals",65531,16,8,59936,8
"97",2004,"Bills",71799.875,16,9,73015.25,6
"98",2004,"Broncos",75128.875,16,10,75895.875,10
"99",2004,"Browns",73105,16,4,73195.5,5
"100",2004,"Buccaneers",65340,16,5,65544,7
"101",2004,"Cardinals",37533.375,16,6,36062.375,4
"102",2004,"Chargers",60682.75,16,12,61520.625,4
"103",2004,"Chiefs",77876.25,16,7,78480,13
"104",2004,"Colts",57098.875,16,12,56767.25,12
"105",2004,"Cowboys",63861.5,16,6,63903,10
"106",2004,"Dolphins",72601,16,4,73473.375,10
"107",2004,"Eagles",67608.75,16,13,68043.625,12
"108",2004,"Falcons",70596.125,16,11,70459.5,5
"109",2004,"Giants",78734.25,16,6,78620,4
"110",2004,"Jaguars",69433,16,9,53509,5
"111",2004,"Jets",77897.625,16,10,77781.875,6
"112",2004,"Lions",62395.25,16,6,61305.25,5
"113",2004,"Packers",70550,16,10,70352.375,10
"114",2004,"Panthers",73282.375,16,7,72820.75,11
"115",2004,"Patriots",68756,16,14,68436,14
"116",2004,"Raiders",50742,16,5,55007.875,4
"117",2004,"Rams",65923,16,8,66057,12
"118",2004,"Ravens",69824.25,16,9,69579.25,10
"119",2004,"Redskins",87833.75,16,6,80499.625,5
"120",2004,"Saints",64147.25,16,8,68611.75,8
"121",2004,"Seahawks",66679.5,16,9,64018.75,10
"122",2004,"Steelers",63423.125,16,15,59698,6
"123",2004,"Titans",68901.25,16,5,68809,12
"124",2004,"Vikings",64121.125,16,8,64179.625,9
"125",2005,"49ers",65428.25,16,4,64783.875,2
"126",2005,"Bears",62120.625,16,11,61963.25,5
"127",2005,"Bengals",65808.625,16,11,65531,8
"128",2005,"Bills",71906,16,5,71799.875,9
"129",2005,"Broncos",76098.75,16,13,75128.875,10
"130",2005,"Browns",72291.25,16,6,73105,4
"131",2005,"Buccaneers",65217.625,16,11,65340,5
"132",2005,"Cardinals",50129.375,16,5,37533.375,6
"133",2005,"Chargers",66239.5,16,9,60682.75,12
"134",2005,"Chiefs",77915.625,16,10,77876.25,7
"135",2005,"Colts",57171.625,16,14,57098.875,12
"136",2005,"Cowboys",63157.25,16,9,63861.5,6
"137",2005,"Dolphins",71907,16,9,72601,4
"138",2005,"Eagles",67674.125,16,6,67608.75,13
"139",2005,"Falcons",70638.25,16,8,70596.125,11
"140",2005,"Giants",78564.875,16,11,78734.25,6
"141",2005,"Jaguars",65689.875,16,12,69433,9
"142",2005,"Jets",77494.75,16,4,77897.625,10
"143",2005,"Lions",61572.5,16,5,62395.25,6
"144",2005,"Packers",70302.375,16,4,70550,10
"145",2005,"Panthers",73462.5,16,11,73282.375,7
"146",2005,"Patriots",68756,16,10,68756,14
"147",2005,"Raiders",52306.25,16,4,50742,5
"148",2005,"Rams",65460.625,16,6,65923,8
"149",2005,"Ravens",70384.5,16,6,69824.25,9
"150",2005,"Redskins",89624.875,16,10,87833.75,6
"151",2005,"Saints",52158.75,16,3,64147.25,8
"152",2005,"Seahawks",66619.25,16,13,66679.5,9
"153",2005,"Steelers",63429.25,16,11,63423.125,15
"154",2005,"Titans",69149,16,4,68901.25,5
"155",2005,"Vikings",63995,16,9,64121.125,8
"156",2006,"49ers",68150.875,16,7,65428.25,4
"157",2006,"Bears",62223.25,16,13,62120.625,11
"158",2006,"Bengals",65983.75,16,8,65808.625,11
"159",2006,"Bills",67646.125,16,7,71906,5
"160",2006,"Broncos",76347.75,16,9,76098.75,13
"161",2006,"Browns",72334,16,4,72291.25,6
"162",2006,"Buccaneers",65582.625,16,4,65217.625,11
"163",2006,"Cardinals",63603.625,16,5,50129.375,5
"164",2006,"Chargers",66378.875,16,14,66239.5,9
"165",2006,"Chiefs",77909.375,16,9,77915.625,10
"166",2006,"Colts",57144.25,16,12,57171.625,14
"167",2006,"Cowboys",63288.5,16,9,63157.25,9
"168",2006,"Dolphins",73246.625,16,6,71907,9
"169",2006,"Eagles",69224.25,16,10,67674.125,6
"170",2006,"Falcons",70432.75,16,7,70638.25,8
"171",2006,"Giants",78613.75,16,8,78564.875,11
"172",2006,"Jaguars",66858.25,16,8,65689.875,12
"173",2006,"Jets",77321.875,16,10,77494.75,4
"174",2006,"Lions",60889.5,16,3,61572.5,5
"175",2006,"Packers",70718.625,16,8,70302.375,4
"176",2006,"Panthers",73567.125,16,8,73462.5,11
"177",2006,"Patriots",68756,16,12,68756,10
"178",2006,"Raiders",58495.5,16,2,52306.25,4
"179",2006,"Rams",65326.25,16,8,65460.625,6
"180",2006,"Ravens",70818.375,16,13,70384.5,6
"181",2006,"Redskins",87631.125,16,5,89624.875,10
"182",2006,"Saints",68808.75,16,10,52158.75,3
"183",2006,"Seahawks",67977.5,16,9,66619.25,13
"184",2006,"Steelers",62432.625,16,8,63429.25,11
"185",2006,"Titans",69143,16,8,69149,4
"186",2006,"Vikings",63717.875,16,6,63995,9
"187",2007,"49ers",68028.25,16,5,68150.875,7
"188",2007,"Bears",62158.375,16,7,62223.25,13
"189",2007,"Bengals",65790,16,7,65983.75,8
"190",2007,"Bills",71054.625,16,7,67646.125,7
"191",2007,"Broncos",76611.625,16,7,76347.75,9
"192",2007,"Browns",73000.75,16,10,72334,4
"193",2007,"Buccaneers",65316.25,16,9,65582.625,4
"194",2007,"Cardinals",64580.75,16,8,63603.625,5
"195",2007,"Chargers",65502.375,16,11,66378.875,14
"196",2007,"Chiefs",76777.125,16,4,77909.375,9
"197",2007,"Colts",57304.625,16,13,57144.25,12
"198",2007,"Cowboys",63534.75,16,13,63288.5,9
"199",2007,"Dolphins",72229.375,16,1,73246.625,6
"200",2007,"Eagles",68169.625,16,8,69224.25,10
"201",2007,"Falcons",68395.875,16,4,70432.75,7
"202",2007,"Giants",78731,16,10,78613.75,8
"203",2007,"Jaguars",65301.25,16,11,66858.25,8
"204",2007,"Jets",77106.875,16,4,77321.875,10
"205",2007,"Lions",61304.5,16,7,60889.5,3
"206",2007,"Packers",70805.375,16,13,70718.625,8
"207",2007,"Panthers",73402.625,16,7,73567.125,8
"208",2007,"Patriots",68756,16,16,68756,12
"209",2007,"Raiders",59109.5,16,4,58495.5,2
"210",2007,"Rams",64294.25,16,3,65326.25,8
"211",2007,"Ravens",71153.25,16,5,70818.375,13
"212",2007,"Redskins",88090.25,16,9,87631.125,5
"213",2007,"Saints",70004.5,16,7,68808.75,10
"214",2007,"Seahawks",68193.875,16,10,67977.5,9
"215",2007,"Steelers",62084.375,16,10,62432.625,8
"216",2007,"Titans",69143,16,10,69143,8
"217",2007,"Vikings",63255.75,16,8,63717.875,6
"218",2008,"49ers",67512.875,16,7,68028.25,5
"219",2008,"Bears",62034.5,16,9,62158.375,7
"220",2008,"Bengals",64582.875,16,4,65790,7
"221",2008,"Bills",68996.125,16,7,71054.625,7
"222",2008,"Broncos",75509.25,16,8,76611.625,7
"223",2008,"Browns",72778.75,16,4,73000.75,10
"224",2008,"Buccaneers",64511,16,9,65316.25,9
"225",2008,"Cardinals",64096.875,16,9,64580.75,8
"226",2008,"Chargers",68138.375,16,8,65502.375,11
"227",2008,"Chiefs",74077.75,16,2,76777.125,4
"228",2008,"Colts",66378.25,16,12,57304.625,13
"229",2008,"Cowboys",63368,16,9,63534.75,13
"230",2008,"Dolphins",65489.875,16,11,72229.375,1
"231",2008,"Eagles",69144,16,10,68169.625,8
"232",2008,"Falcons",62851.625,16,11,68395.875,4
"233",2008,"Giants",79069.25,16,12,78731,10
"234",2008,"Jaguars",65167.25,16,5,65301.25,11
"235",2008,"Jets",78482.25,16,9,77106.875,4
"236",2008,"Lions",54497.375,16,0,61304.5,7
"237",2008,"Packers",70682.5,16,6,70805.375,13
"238",2008,"Panthers",73210.5,16,12,73402.625,7
"239",2008,"Patriots",68756,16,11,68756,16
"240",2008,"Raiders",57850,16,5,59109.5,4
"241",2008,"Rams",59980.375,16,2,64294.25,3
"242",2008,"Ravens",71269,16,11,71153.25,5
"243",2008,"Redskins",88604.375,16,8,88090.25,9
"244",2008,"Saints",71734.5,16,8,70004.5,7
"245",2008,"Seahawks",67995.625,16,4,68193.875,10
"246",2008,"Steelers",62890.625,16,12,62084.375,10
"247",2008,"Titans",69143,16,13,69143,10
"248",2008,"Vikings",63267,16,10,63255.75,8
"249",2009,"49ers",69732,16,8,67512.875,7
"250",2009,"Bears",62250,16,7,62034.5,9
"251",2009,"Bengals",64004,16,10,64582.875,4
"252",2009,"Bills",67808.125,16,6,68996.125,7
"253",2009,"Broncos",75116,16,8,75509.25,8
"254",2009,"Browns",68888.75,16,5,72778.75,4
"255",2009,"Buccaneers",65649.25,16,3,64511,9
"256",2009,"Cardinals",63142.875,16,10,64096.875,9
"257",2009,"Chargers",67543.125,16,13,68138.375,8
"258",2009,"Chiefs",67514.25,16,4,74077.75,2
"259",2009,"Colts",66549.75,16,14,66378.25,12
"260",2009,"Cowboys",89756.875,16,11,63368,9
"261",2009,"Dolphins",67542.75,16,7,65489.875,11
"262",2009,"Eagles",69144,16,11,69144,10
"263",2009,"Falcons",68173.625,16,9,62851.625,11
"264",2009,"Giants",78701.875,16,8,79069.25,12
"265",2009,"Jaguars",49651.75,16,7,65167.25,5
"266",2009,"Jets",77052.5,16,9,78482.25,9
"267",2009,"Lions",49395.25,16,2,54497.375,0
"268",2009,"Packers",70708.25,16,11,70682.5,6
"269",2009,"Panthers",73289.25,16,8,73210.5,12
"270",2009,"Patriots",68756,16,10,68756,11
"271",2009,"Raiders",44284.5,16,5,57850,5
"272",2009,"Rams",55237.625,16,1,59980.375,2
"273",2009,"Ravens",71082.5,16,9,71269,11
"274",2009,"Redskins",84794,16,4,88604.375,8
"275",2009,"Saints",70105,16,13,71734.5,8
"276",2009,"Seahawks",67392.625,16,5,67995.625,4
"277",2009,"Steelers",63485.25,16,9,62890.625,12
"278",2009,"Titans",69143,16,8,69143,13
"279",2009,"Vikings",63775.375,16,12,63267,10
"280",2010,"49ers",71508.125,16,6,69732,8
"281",2010,"Bears",62195.125,16,11,62250,7
"282",2010,"Bengals",60364.625,16,4,64004,10
"283",2010,"Bills",61639,16,4,67808.125,6
"284",2010,"Broncos",74908,16,4,75116,8
"285",2010,"Browns",66116.625,16,5,68888.75,5
"286",2010,"Buccaneers",49314.125,16,10,65649.25,3
"287",2010,"Cardinals",62774.625,16,5,63142.875,10
"288",2010,"Chargers",65530.125,16,9,67543.125,13
"289",2010,"Chiefs",67672.5,16,10,67514.25,4
"290",2010,"Colts",66975.25,16,10,66549.75,14
"291",2010,"Cowboys",87047.125,16,6,89756.875,11
"292",2010,"Dolphins",67744.875,16,7,67542.75,7
"293",2010,"Eagles",69144,16,10,69144,11
"294",2010,"Falcons",67850,16,13,68173.625,9
"295",2010,"Giants",78894.5,16,10,78701.875,8
"296",2010,"Jaguars",63032.75,16,8,49651.75,7
"297",2010,"Jets",78596,16,11,77052.5,9
"298",2010,"Lions",56285.75,16,6,49395.25,2
"299",2010,"Packers",70795.25,16,10,70708.25,11
"300",2010,"Panthers",72620.625,16,2,73289.25,8
"301",2010,"Patriots",68756,16,14,68756,10
"302",2010,"Raiders",46431,16,8,44284.5,5
"303",2010,"Rams",52922.875,16,7,55237.625,1
"304",2010,"Ravens",71227.125,16,12,71082.5,9
"305",2010,"Redskins",83172.5,16,6,84794,4
"306",2010,"Saints",70038,16,11,70105,13
"307",2010,"Seahawks",66992.75,16,7,67392.625,5
"308",2010,"Steelers",63083.625,16,12,63485.25,9
"309",2010,"Titans",69143,16,6,69143,8
"310",2010,"Vikings",58751.125,16,6,63775.375,12
"311",2011,"49ers",69732,16,13,71508.125,6
"312",2011,"Bears",62145.75,16,8,62195.125,11
"313",2011,"Bengals",49251.125,16,9,60364.625,4
"314",2011,"Bills",61305.375,16,6,61639,4
"315",2011,"Broncos",75327.25,16,8,74908,4
"316",2011,"Browns",65859.25,16,4,66116.625,5
"317",2011,"Buccaneers",59160.125,16,4,49314.125,10
"318",2011,"Cardinals",61181.875,16,8,62774.625,5
"319",2011,"Chargers",65392.875,16,8,65530.125,9
"320",2011,"Chiefs",72082.375,16,7,67672.5,10
"321",2011,"Colts",64828.375,16,2,66975.25,10
"322",2011,"Cowboys",85512,16,8,87047.125,6
"323",2011,"Dolphins",60886.125,16,6,67744.875,7
"324",2011,"Eagles",69144,16,8,69144,10
"325",2011,"Falcons",68986.5,16,10,67850,13
"326",2011,"Giants",79475,16,9,78894.5,10
"327",2011,"Jaguars",62331.875,16,5,63032.75,8
"328",2011,"Jets",78986,16,8,78596,11
"329",2011,"Lions",63742.5,16,10,56285.75,6
"330",2011,"Packers",70512.125,16,15,70795.25,10
"331",2011,"Panthers",72292.75,16,6,72620.625,2
"332",2011,"Patriots",68756,16,13,68756,14
"333",2011,"Raiders",59242.25,16,8,46431,8
"334",2011,"Rams",56394.125,16,2,52922.875,7
"335",2011,"Ravens",71224,16,12,71227.125,12
"336",2011,"Redskins",76921,16,5,83172.5,6
"337",2011,"Saints",73041.875,16,13,70038,11
"338",2011,"Seahawks",66413.875,16,7,66992.75,7
"339",2011,"Steelers",63034.875,16,12,63083.625,12
"340",2011,"Titans",69143,16,9,69143,6
"341",2011,"Vikings",62816.125,16,3,58751.125,6
"342",2012,"49ers",69732,16,12,69732,13
"343",2012,"Bears",62329.125,16,10,62145.75,8
"344",2012,"Bengals",61188,16,10,49251.125,9
"345",2012,"Bills",61927.875,16,6,61305.375,6
"346",2012,"Broncos",76632.75,16,13,75327.25,8
"347",2012,"Browns",66632.25,16,5,65859.25,4
"348",2012,"Buccaneers",55102.375,16,7,59160.125,4
"349",2012,"Cardinals",60890.625,16,5,61181.875,8
"350",2012,"Chargers",59964.5,16,7,65392.875,8
"351",2012,"Chiefs",68508.75,16,2,72082.375,7
"352",2012,"Colts",65189.75,16,11,64828.375,2
"353",2012,"Cowboys",88531.125,16,8,85512,8
"354",2012,"Dolphins",57379.125,16,7,60886.125,6
"355",2012,"Eagles",69144,16,4,69144,8
"356",2012,"Falcons",70096.625,16,13,68986.5,10
"357",2012,"Giants",80495.5,16,9,79475,9
"358",2012,"Jaguars",64984,16,2,62331.875,5
"359",2012,"Jets",79088,16,6,78986,8
"360",2012,"Lions",63769.75,16,4,63742.5,10
"361",2012,"Packers",70507.75,16,11,70512.125,15
"362",2012,"Panthers",73293.375,16,7,72292.75,6
"363",2012,"Patriots",68755.5,16,12,68756,13
"364",2012,"Raiders",54216.5,16,4,59242.25,8
"365",2012,"Rams",60116.125,16,7,56394.125,2
"366",2012,"Ravens",71278.625,16,10,71224,12
"367",2012,"Redskins",79654.5,16,10,76921,5
"368",2012,"Saints",72888.375,16,7,73041.875,13
"369",2012,"Seahawks",67946.25,16,11,66413.875,7
"370",2012,"Steelers",61141.875,16,8,63034.875,12
"371",2012,"Titans",69143,16,6,69143,9
"372",2012,"Vikings",60725.25,16,10,62816.125,3
"373",2013,"49ers",69732,16,12,69732,12
"374",2013,"Bears",62358,16,8,62329.125,10
"375",2013,"Bengals",63297.125,16,11,61188,10
"376",2013,"Bills",62855.25,16,6,61927.875,6
"377",2013,"Broncos",76872.125,16,13,76632.75,13
"378",2013,"Browns",71242.375,16,4,66632.25,5
"379",2013,"Buccaneers",58818.5,16,4,55102.375,7
"380",2013,"Cardinals",61033.875,16,10,60890.625,5
"381",2013,"Chargers",64205.125,16,9,59964.5,7
"382",2013,"Chiefs",75359.625,16,11,68508.75,2
"383",2013,"Colts",65950.75,16,11,65189.75,11
"384",2013,"Cowboys",88043.125,16,8,88531.125,8
"385",2013,"Dolphins",64319.125,16,8,57379.125,7
"386",2013,"Eagles",69144,16,10,69144,4
"387",2013,"Falcons",70224.375,16,4,70096.625,13
"388",2013,"Giants",80148,16,7,80495.5,9
"389",2013,"Jaguars",62892.5,16,4,64984,2
"390",2013,"Jets",76957,16,8,79088,6
"391",2013,"Lions",63796.125,16,7,63769.75,4
"392",2013,"Packers",77947.125,16,8,70507.75,11
"393",2013,"Panthers",73443,16,12,73293.375,7
"394",2013,"Patriots",68756,16,12,68755.5,12
"395",2013,"Raiders",50444.5,16,4,54216.5,4
"396",2013,"Rams",56957.125,16,7,60116.125,7
"397",2013,"Ravens",71135.5,16,8,71278.625,10
"398",2013,"Redskins",77220.875,16,3,79654.5,10
"399",2013,"Saints",72901.25,16,11,72888.375,7
"400",2013,"Seahawks",68197.125,16,13,67946.25,11
"401",2013,"Steelers",57311.125,16,8,61141.875,8
"402",2013,"Titans",69143,16,7,69143,6
"403",2013,"Vikings",66456.625,16,6,60725.25,10
"404",2014,"49ers",70774,16,8,69732,12
"405",2014,"Bears",61681.125,16,5,62358,8
"406",2014,"Bengals",60703.5,16,11,63297.125,11
"407",2014,"Bills",67522.5,16,9,62855.25,6
"408",2014,"Broncos",76939.625,16,12,76872.125,13
"409",2014,"Browns",67425,16,7,71242.375,4
"410",2014,"Buccaneers",59659.125,16,2,58818.5,4
"411",2014,"Cardinals",61979.375,16,11,61033.875,10
"412",2014,"Chargers",65432.125,16,9,64205.125,9
"413",2014,"Chiefs",74967.875,16,9,75359.625,11
"414",2014,"Colts",65375.5,16,11,65950.75,11
"415",2014,"Cowboys",90069.75,16,12,88043.125,8
"416",2014,"Dolphins",70035,16,8,64319.125,8
"417",2014,"Eagles",69596,16,10,69144,10
"418",2014,"Falcons",72130.875,16,6,70224.375,4
"419",2014,"Giants",78967.25,16,6,80148,7
"420",2014,"Jaguars",65541.875,16,3,62892.5,4
"421",2014,"Jets",78160,16,4,76957,8
"422",2014,"Lions",63024.75,16,11,63796.125,7
"423",2014,"Packers",78139.25,16,12,77947.125,8
"424",2014,"Panthers",73607.625,16,7,73443,12
"425",2014,"Patriots",68756,16,12,68756,12
"426",2014,"Raiders",57416.625,16,3,50444.5,4
"427",2014,"Rams",57018.25,16,6,56957.125,7
"428",2014,"Ravens",71044.125,16,10,71135.5,8
"429",2014,"Redskins",77964.375,16,4,77220.875,3
"430",2014,"Saints",73112.5,16,7,72901.25,11
"431",2014,"Seahawks",68412.25,16,12,68197.125,13
"432",2014,"Steelers",62226.375,16,11,57311.125,8
"433",2014,"Titans",69143,16,2,69143,7
"434",2014,"Vikings",52238.25,16,7,66456.625,6
"435",2015,"49ers",70761.5,16,5,70774,8
"436",2015,"Bears",62035.875,16,6,61681.125,5
"437",2015,"Bengals",61389.75,16,12,60703.5,11
"438",2015,"Bills",69880.875,16,8,67522.5,9
"439",2015,"Broncos",76922.625,16,12,76939.625,12
"440",2015,"Browns",66186,16,3,67425,7
"441",2015,"Buccaneers",61557.5,16,6,59659.125,2
"442",2015,"Cardinals",64185.875,16,13,61979.375,11
"443",2015,"Chargers",66772.5,16,4,65432.125,9
"444",2015,"Chiefs",75278.5,16,11,74967.875,9
"445",2015,"Colts",66047.625,16,8,65375.5,11
"446",2015,"Cowboys",91459,16,4,90069.75,12
"447",2015,"Dolphins",67193.5,16,6,70035,8
"448",2015,"Eagles",69483.5,16,7,69596,10
"449",2015,"Falcons",70355.625,16,8,72130.875,6
"450",2015,"Giants",79001.375,16,6,78967.25,6
"451",2015,"Jaguars",64283.5,16,5,65541.875,3
"452",2015,"Jets",78160,16,10,78160,4
"453",2015,"Lions",61347.75,16,7,63024.75,11
"454",2015,"Packers",78413.5,16,10,78139.25,12
"455",2015,"Panthers",74056.75,16,15,73607.625,7
"456",2015,"Patriots",66829,16,12,68756,12
"457",2015,"Raiders",54549.625,16,7,57416.625,3
"458",2015,"Rams",52402.5,16,7,57018.25,6
"459",2015,"Ravens",71002.25,16,5,71044.125,10
"460",2015,"Redskins",76209,16,9,77964.375,4
"461",2015,"Saints",73038.125,16,7,73112.5,7
"462",2015,"Seahawks",69020.25,16,10,68412.25,12
"463",2015,"Steelers",64356.75,16,10,62226.375,11
"464",2015,"Titans",62304.375,16,3,69143,2
"465",2015,"Vikings",52430,16,11,52238.25,7
"466",2016,"49ers",70178,16,2,70761.5,5
"467",2016,"Bears",60368.875,16,3,62035.875,6
"468",2016,"Bengals",63508.875,16,6,61389.75,12
"469",2016,"Bills",68509.125,16,7,69880.875,8
"470",2016,"Broncos",76774.125,16,9,76922.625,12
"471",2016,"Browns",64311.125,16,1,66186,3
"472",2016,"Buccaneers",60624.75,16,9,61557.5,6
"473",2016,"Cardinals",64831.5,16,7,64185.875,13
"474",2016,"Chargers",57024.625,16,5,66772.5,4
"475",2016,"Chiefs",73328,16,12,75278.5,11
"476",2016,"Colts",65549.125,16,8,66047.625,8
"477",2016,"Cowboys",92539.75,16,13,91459,4
"478",2016,"Dolphins",65512.625,16,10,67193.5,6
"479",2016,"Eagles",69596,16,7,69483.5,7
"480",2016,"Falcons",69999.75,16,11,70355.625,8
"481",2016,"Giants",78789.375,16,11,79001.375,6
"482",2016,"Jaguars",64646.5,16,3,64283.5,5
"483",2016,"Jets",78160,16,5,78160,10
"484",2016,"Lions",60792.75,16,9,61347.75,7
"485",2016,"Packers",78215.875,16,10,78413.5,10
"486",2016,"Panthers",73792.875,16,6,74056.75,15
"487",2016,"Patriots",66829,16,14,66829,12
"488",2016,"Raiders",57320.125,16,12,54549.625,7
"489",2016,"Rams",83164.75,16,4,52402.5,7
"490",2016,"Ravens",71102.875,16,8,71002.25,5
"491",2016,"Redskins",78304,16,9,76209,9
"492",2016,"Saints",73109.5,16,7,73038.125,7
"493",2016,"Seahawks",69073.5,16,11,69020.25,10
"494",2016,"Steelers",64312.875,16,11,64356.75,10
"495",2016,"Titans",64659.125,16,9,62304.375,3
"496",2016,"Vikings",66786.125,16,8,52430,11
"497",2017,"49ers",70144.375,16,6,70178,2
"498",2017,"Bears",61017.125,16,5,60368.875,3
"499",2017,"Bengals",53242.125,16,7,63508.875,6
"500",2017,"Bills",66775,16,9,68509.125,7
"501",2017,"Broncos",76355.75,16,5,76774.125,9
"502",2017,"Browns",63882.5,16,0,64311.125,1
"503",2017,"Buccaneers",59952.25,16,5,60624.75,9
"504",2017,"Cardinals",64217.625,16,8,64831.5,7
"505",2017,"Chargers",25335.875,16,9,57024.625,5
"506",2017,"Chiefs",74106.375,16,10,73328,12
"507",2017,"Colts",63440.625,16,4,65549.125,8
"508",2017,"Cowboys",92721.875,16,9,92539.75,13
"509",2017,"Dolphins",67627.75,16,6,65512.625,10
"510",2017,"Eagles",69596,16,13,69596,7
"511",2017,"Falcons",71960.125,16,10,69999.75,11
"512",2017,"Giants",77179.25,16,3,78789.375,11
"513",2017,"Jaguars",64303.375,16,10,64646.5,3
"514",2017,"Jets",77562,16,5,78160,5
"515",2017,"Lions",64137.5,16,9,60792.75,9
"516",2017,"Packers",78092.75,16,7,78215.875,10
"517",2017,"Panthers",73617.75,16,11,73792.875,6
"518",2017,"Patriots",65878,16,13,66829,14
"519",2017,"Raiders",57642.125,16,6,57320.125,12
"520",2017,"Rams",63392,16,11,83164.75,4
"521",2017,"Ravens",70588.625,16,9,71102.875,8
"522",2017,"Redskins",75175.625,16,7,78304,9
"523",2017,"Saints",73139.125,16,11,73109.5,7
"524",2017,"Seahawks",68976.125,16,9,69073.5,11
"525",2017,"Steelers",62471,16,13,64312.875,11
"526",2017,"Titans",65651.75,16,9,64659.125,9
"527",2017,"Vikings",66721.125,16,13,66786.125,8
"528",2018,"49ers",69148.75,16,4,70144.375,6
"529",2018,"Bears",61343.75,16,12,61017.125,5
"530",2018,"Bengals",50753.5,16,6,53242.125,7
"531",2018,"Bills",64961.875,16,6,66775,9
"532",2018,"Broncos",76446.375,16,6,76355.75,5
"533",2018,"Browns",65765.25,16,7,63882.5,0
"534",2018,"Buccaneers",54356.875,16,5,59952.25,5
"535",2018,"Cardinals",62013.875,16,3,64217.625,8
"536",2018,"Chargers",32768.125,16,12,25335.875,9
"537",2018,"Chiefs",75972.5,16,12,74106.375,10
"538",2018,"Colts",59199.75,16,10,63440.625,4
"539",2018,"Cowboys",91619.75,16,10,92721.875,9
"540",2018,"Dolphins",65560,16,7,67627.75,6
"541",2018,"Eagles",69696,16,9,69596,13
"542",2018,"Falcons",72898,16,7,71960.125,10
"543",2018,"Giants",76940.625,16,5,77179.25,3
"544",2018,"Jaguars",69073.625,16,5,64303.375,10
"545",2018,"Jets",77982,16,4,77562,5
"546",2018,"Lions",62757.625,16,6,64137.5,9
"547",2018,"Packers",77834.625,16,6,78092.75,7
"548",2018,"Panthers",73772.75,16,7,73617.75,11
"549",2018,"Patriots",65878,16,11,65878,13
"550",2018,"Raiders",57919.125,16,4,57642.125,6
"551",2018,"Rams",72429.875,16,13,63392,11
"552",2018,"Ravens",70431.375,16,10,70588.625,9
"553",2018,"Redskins",61028.375,16,7,75175.625,7
"554",2018,"Saints",73051.375,16,13,73139.125,11
"555",2018,"Seahawks",69001.125,16,10,68976.125,9
"556",2018,"Steelers",63456.375,16,10,62471,13
"557",2018,"Titans",64520.125,16,9,65651.75,9
"558",2018,"Vikings",66811.375,16,9,66721.125,13
"559",2019,"49ers",70305.375,16,13,69148.75,4
"560",2019,"Bears",61916.5,16,8,61343.75,12
"561",2019,"Bengals",47179,16,2,50753.5,6
"562",2019,"Bills",68839.125,16,10,64961.875,6
"563",2019,"Broncos",75937.125,16,7,76446.375,6
"564",2019,"Browns",67431,16,6,65765.25,7
"565",2019,"Buccaneers",51898.625,16,7,54356.875,5
"566",2019,"Cardinals",61323.25,16,5,62013.875,3
"567",2019,"Chargers",31750.875,16,5,32768.125,12
"568",2019,"Chiefs",73465.375,16,12,75972.5,12
"569",2019,"Colts",61110.75,16,7,59199.75,10
"570",2019,"Cowboys",90929,16,8,91619.75,10
"571",2019,"Dolphins",63067.5,16,5,65560,7
"572",2019,"Eagles",69783.5,16,9,69696,9
"573",2019,"Falcons",71601.375,16,7,72898,7
"574",2019,"Giants",74664.5,16,4,76940.625,5
"575",2019,"Jaguars",63085.75,16,6,69073.625,5
"576",2019,"Jets",78523,16,7,77982,4
"577",2019,"Lions",61342.125,16,4,62757.625,6
"578",2019,"Packers",77845.25,16,13,77834.625,6
"579",2019,"Panthers",72220.625,16,5,73772.75,7
"580",2019,"Patriots",65878,16,12,65878,11
"581",2019,"Raiders",53538.875,16,7,57919.125,4
"582",2019,"Rams",72790.625,16,9,72429.875,13
"583",2019,"Ravens",70627.5,16,14,70431.375,10
"584",2019,"Redskins",65488.25,16,3,61028.375,7
"585",2019,"Saints",73082.5,16,13,73051.375,13
"586",2019,"Seahawks",68990.875,16,11,69001.125,10
"587",2019,"Steelers",62237,16,8,63456.375,10
"588",2019,"Titans",64509.25,16,9,64520.125,9
"589",2019,"Vikings",66849.25,16,10,66811.375,9
